Id,SalePrice_LR,SalePrice_Ridge,SalePrice_Lasso
1461,119191.48114503664,120905.757980315,119448.32881326973
1462,118503.86569356224,117368.98962337163,118089.14241047911
1463,168951.7401750762,169634.71888584347,169055.74152355676
1464,196332.18446729163,196763.24385262563,196406.85707329167
1465,181806.82895539238,181940.14131524056,181829.07866485397
1466,178320.84255611096,178236.09629443055,178326.15769448582
1467,197433.97366047447,196806.95323675193,197341.3788742478
1468,174026.21538496052,173644.01907428744,173955.68861112132
1469,197113.52122732849,196634.02882138145,197082.65783752504
1470,119686.16638556207,119784.9014306238,119755.4081404733
1471,197357.33230706197,197054.18180281762,197268.99097950768
1472,107613.46757728679,107858.89511771068,107627.96055949829
1473,99057.64748501657,99324.07050996959,99039.54517288423
1474,158242.45892259182,157870.55880979126,158053.92844633694
1475,125250.65861198242,125779.11752539636,125404.45591495262
1476,317886.12289306574,317245.14408468327,317849.2240455056
1477,236182.7496259523,236336.48137572873,236235.383192083
1478,275893.4039618651,275365.2798632817,275979.0067883679
1479,260350.21204113017,259519.34871452072,260329.85501633052
1480,410502.2426393255,409688.9375200363,410125.1401776908
1481,296286.7581265668,294550.5182159294,295936.0331598369
1482,201075.14543079684,200980.35396425315,201071.70745461027
1483,168718.1556988248,168604.46764064452,168699.94351576327
1484,164250.65575648163,164133.94840694897,164234.34728885657
1485,203750.216374621,202096.97200460703,203340.134059562
1486,203711.32664503876,203664.47005012282,203787.59239179365
1487,307122.9938996025,308477.7952485296,307227.21900183836
1488,248326.59502984775,248650.5854740577,248528.28655553574
1489,175169.9475169772,176061.66971631523,175401.75897514634
1490,216814.3537231466,217253.7440179128,216949.04170842282
1491,197304.92913359983,197541.87775311558,197366.5166216187
1492,94701.62034440016,94964.27690285064,94720.25864920899
1493,222525.3949947406,221843.94708199566,222345.3409030798
1494,289975.0085681566,289051.1071938372,289868.37690039544
1495,287166.30137499166,285969.1933980397,286994.0708015064
1496,209464.5327511498,209442.79095262336,209459.57779007134
1497,165909.5016770576,166583.74765815894,166064.41302248108
1498,149763.7804716967,149724.96496308272,149716.5908892347
1499,161895.9656146645,160931.1622637487,161630.8301981476
1500,149634.5715885088,148805.28774250156,149391.44511767535
1501,153567.8784495782,152598.36179111176,153354.08515509948
1502,151838.11025815716,151906.88632581386,151799.1423853149
1503,285467.1729898913,286033.75645586435,285756.02681184397
1504,248060.81135562473,247780.73415089672,248029.5108672879
1505,220144.05688941976,220105.49224435823,220135.54965588896
1506,188199.7815694613,186863.73336332812,187827.1589549474
1507,240278.29851974722,241176.16107054937,240416.93281759988
1508,188164.65773676758,187722.14400724607,187729.3347273239
1509,159315.2055762508,159180.90661353891,159225.04705941083
1510,137710.5207358324,137063.9575755224,137516.06238904654
1511,140790.52340813825,140736.04074830192,140817.34210663056
1512,168518.86778838307,167873.72209233223,168325.82414023115
1513,146946.16243481927,146660.4783609966,146911.67604291753
1514,141740.03893889193,142056.25557157028,141769.05385798198
1515,187726.98221050893,187580.293477796,187900.48152020032
1516,150390.67124197536,149881.33407604886,150318.00115692397
1517,159106.8232645832,159246.39996914912,159149.26551085338
1518,128735.83324379094,129697.73630255133,129003.65570232089
1519,213090.86852684035,213574.77372857285,213189.80146612355
1520,120980.92827594987,121122.46545982173,121024.87007879374
1521,114019.06637187763,114863.68299101198,114218.23734397818
1522,184948.1452110508,183742.27637489117,184672.6771278017
1523,99029.72564127977,99556.71557654474,99198.82186147892
1524,112311.97422678962,112159.85509449808,112221.30735693447
1525,112218.95917067028,112825.94432730672,112358.3274006999
1526,100895.82669711017,100460.80070261906,100694.99510707968
1527,103126.6235432708,102788.50822529715,102947.77037697635
1528,151614.82312707693,151899.06983107692,151756.05087226545
1529,127784.8277635632,127716.54546785992,127733.11003045239
1530,218547.44540311705,218651.76344032367,218694.1343530365
1531,114889.13015997727,114302.99524593579,114809.52078805547
1532,105038.509187294,104610.52637156495,104975.43256633192
1533,146725.1306764482,145742.82457512495,146405.8446049816
1534,126698.1030690636,127158.74482780756,126886.75711986792
1535,142903.01331363473,144175.37882563614,143279.15716150994
1536,106529.33863527927,106746.80048934363,106568.32915542669
1537,72195.32842139437,72497.80454390748,72160.04598019746
1538,167996.2313732492,167786.5179854458,167975.2087211957
1539,193490.48183492958,192280.86204509414,193341.17539298572
1540,85896.65816237772,86445.21252525983,86067.2704629379
1541,137615.82366306914,137758.2927633458,137646.7471126922
1542,128521.65553692673,129627.32296583944,128736.53345416243
1543,172637.7734923373,173602.62314182107,172900.01965965598
1544,95954.10887670059,95287.735799809,95837.151062718
1545,126187.28523927303,125827.55560291285,126248.56914399378
1546,140137.14446017024,138978.35204957167,139711.35749332237
1547,131856.22305734534,131912.69833437892,131844.9372601423
1548,132036.8981484302,132397.41238997885,132135.8843092842
1549,119578.1582899194,120082.10986960011,119761.31398349022
1550,124658.690415804,124206.23421832343,124534.99712426565
1551,121148.30102884835,120846.35526795601,121121.82220627788
1552,131248.75183436956,131442.5807804307,131219.37462046125
1553,135866.4571501761,136494.8677432642,135942.04720153063
1554,127063.93335284,126769.03179973333,126993.03913102458
1555,145246.50357616725,145530.61202385236,145198.26381463048
1556,91327.85392849242,91183.93606623309,91248.29179178452
1557,85423.3403750825,85193.24009306297,85261.53680083693
1558,101534.16201903141,101699.95626281378,101618.2201046392
1559,76152.55254500946,76477.47455602084,76169.46523773964
1560,121230.87422618964,121124.01574792954,121365.46723930635
1561,111315.81416674358,111466.25164500439,111353.65936595794
1562,130168.53547940074,130574.4724921339,130228.17721058766
1563,114484.65810776502,114537.2268506161,114544.64496729203
1564,154775.0065034007,155009.41902762678,154799.22252192703
1565,147041.11766344856,147410.19697420395,147086.9741739514
1566,239588.9931101842,240303.53573151043,239750.2176567463
1567,83123.04540124204,82770.31052725055,83057.75923025575
1568,205672.97397715852,205132.05843347844,205409.22721099638
1569,107590.05187775179,107934.00527426231,107354.72490213676
1570,150597.40483950576,150756.269690923,150604.00695109527
1571,121663.13409839469,121936.24916716464,121738.72932931228
1572,141139.3579619947,141831.39634841136,141287.48743909202
1573,232251.15564975672,233783.1298725438,232903.6688116401
1574,115774.71725101027,115422.79009720878,115643.09694480001
1575,221938.242044738,222432.18577752504,222161.22960028122
1576,259483.992361022,258312.36272291138,258967.20051756088
1577,183712.12074029603,184444.18136357013,183929.68799973486
1578,134794.92614058306,133941.51708680385,134631.46469477136
1579,137199.20097072938,137553.68639220737,137279.4205244879
1580,203458.31714426875,203803.43830787155,203546.48035958497
1581,159029.2151297007,159422.7839282265,159016.50321502754
1582,130643.03549091076,129997.79400531408,130547.83409635082
1583,310702.0280568224,310244.14708650956,310486.53582598054
1584,227354.91593013794,228208.9903028173,227466.57412668568
1585,143422.4144720848,143310.4643184938,143513.52470122033
1586,84535.77862752801,84829.56574821989,84594.93562289618
1587,106719.72475828805,106898.96851005692,106759.8740023686
1588,143295.68361189053,143963.3532904024,143444.58027348193
1589,103300.42280089279,103211.84015625238,103308.15696901774
1590,138479.89165722343,138253.78746849412,138403.37529024784
1591,84198.7581302179,84407.8370470066,84250.90943371817
1592,116275.54185480815,115954.4526309417,116209.39717050383
1593,137340.7410060321,135972.17316399122,137128.57913601826
1594,123364.34949615496,125091.24590084224,123928.93214861654
1595,96270.62923903279,96113.27313735303,96267.81444108633
1596,203838.15725201796,203899.30811560436,203888.03753555042
1597,153326.04489609928,154668.30268261785,153720.13186500975
1598,203516.53529262778,202300.82406900643,203206.54445103015
1599,189291.42826975128,189446.6239781841,189466.52463303448
1600,178767.5264070843,178592.9406790712,178721.1705938004
1601,67105.11029001468,67210.43909828895,67145.20206418927
1602,112014.02821755988,113191.25383955023,112209.96339196582
1603,85759.7704779138,88832.4855664281,88201.95176684487
1604,245714.44865338076,244876.5763733693,245314.31218262322
1605,271819.08560311893,270149.57528309146,271549.8675656542
1606,175362.6011345608,174391.93039904255,174904.3345750137
1607,174540.1676382329,176068.97310418665,174742.05349439572
1608,232483.60770855658,230338.6317028341,232103.00481241386
1609,182330.9603706726,182656.6144064936,182492.9134623066
1610,153797.57651505835,153666.78371228097,153753.8311464955
1611,149637.09745751834,148901.04992957006,149501.81856741637
1612,159305.91639735003,159787.98716555058,159335.34968560855
1613,171594.46783325684,172316.43444501664,171607.23317051152
1614,134949.3464431587,134506.74713672363,134698.71597806815
1615,91187.93914846139,91511.07431476717,91185.0840517075
1616,79285.79381538092,79549.39881815096,79262.58370312252
1617,100788.95007890926,101301.20458051117,100819.63658425631
1618,122333.87075714405,123316.06956891446,122563.52790036106
1619,153129.06861449205,153109.90281031997,153203.52421961311
1620,164651.52135353762,165404.18086281052,164656.78379283345
1621,134125.1260200601,134886.4221570743,134276.83570276975
1622,138502.49747871113,139282.07958107285,138572.226718984
1623,282013.27581528557,280194.5482262076,281299.57761364157
1624,200963.28404180094,200914.79139842012,200820.3832872894
1625,116730.7883605296,117756.01341205389,116931.75113327774
1626,179124.61381466466,178110.89771272521,178812.62371115765
1627,186995.04858870804,187536.2788984332,187076.76350901215
1628,280801.66471519886,281172.4208285854,281143.633092341
1629,188255.76280929585,187775.07407214624,188174.30872960223
1630,300580.5272883068,302031.07705084834,301059.0782270982
1631,204208.49755274647,203118.11067527198,203965.59424274912
1632,216641.3406852269,215908.18112261145,216472.52513214285
1633,186538.99119655316,186110.75971346776,186428.65457038148
1634,198870.42886254538,197818.41086823025,198629.5131828258
1635,190492.5599182965,189450.72632653613,190281.9542724769
1636,168463.1245887645,168150.0086115574,168428.81714839736
1637,191404.27054658314,190773.58453779487,191188.0413003342
1638,208681.25926363905,208463.42838258317,208583.43513282193
1639,190354.02487447078,190333.0514852125,190359.31430203753
1640,255179.6998080885,255564.94483290327,255418.3396515353
1641,181775.7553079132,182229.69135349296,181909.425731819
1642,229319.91190516637,229090.0414894209,229294.67470210211
1643,224748.43318182506,225225.44559865084,224892.5735664891
1644,234980.5532754124,235983.49707855796,235237.68621296514
1645,236879.93493376838,236407.50896847306,236675.17106185458
1646,172462.7683990487,171450.05363665413,172211.0215438868
1647,170329.59336665485,170288.43152424472,170334.9804951022
1648,129462.34071680723,129320.2246988532,129428.17469770685
1649,138950.71903722562,138631.5384149806,138796.9161341702
1650,122730.7569191234,122466.61735907778,122665.86560373261
1651,124554.54367670142,125141.44895369804,124672.96264523357
1652,115263.4874486318,114767.69983416391,115106.20799334407
1653,120001.98509555116,119534.30910718329,119847.2501558878
1654,151735.29991367328,151094.48071661365,151475.8898283591
1655,154177.74476681356,153483.98823693563,153882.43152154735
1656,149808.5143430336,149394.20385908836,149607.03832039717
1657,154880.28009891455,153569.51320903248,154313.03927261525
1658,152432.895649901,152008.23525585505,152220.48249753602
1659,135146.21600112194,135514.8773070739,135095.64175111218
1660,148335.5396539908,148725.7054600385,148262.28362629787
1661,422800.76048889797,419495.82033569965,422029.12326742476
1662,357682.31616858253,358263.65207531827,358169.1867909221
1663,330270.59216354054,330342.4127108965,330406.8681986745
1664,495039.108384232,491820.9290213924,494643.06685815705
1665,288631.7341297543,288654.6608060672,288727.67819410097
1666,296367.2503106105,296325.8487547253,296308.4789448103
1667,339598.94865385356,338399.3009695143,339315.4662623914
1668,318999.4599841749,318698.22808797745,318957.11252360523
1669,293132.74581545126,291894.38818016584,293179.1549104108
1670,316955.24331508594,316449.51031262934,316951.89862020453
1671,238915.59997810802,239087.1948525419,238935.05334343167
1672,392934.9594595175,390942.325985489,392598.4730136441
1673,293486.1171557709,291901.5760082637,293099.1483258251
1674,252164.45443131775,252501.62636770858,252289.48423257738
1675,173020.9304011299,173631.80128325126,173116.433628392
1676,180657.68221734307,180753.98708079118,180630.45829856826
1677,201858.28244938728,201118.25301376055,201641.7360577974
1678,405004.0965127977,406104.40886966424,405294.369061628
1679,320751.4773487845,319017.35537007113,320361.6614715133
1680,272261.33941453666,272392.20257862005,272275.5048528693
1681,224629.81624044763,224727.57682164386,224683.71885392212
1682,280459.36360552395,278966.3936391249,280201.5220806336
1683,185653.4768238784,185517.3394354987,185614.57582707176
1684,202929.27296927906,202548.8889688907,202866.8265535068
1685,183275.98401561985,183108.36505558004,183265.13776649538
1686,176734.54222657587,176420.86373305367,176705.52665575637
1687,186605.5605782881,186156.5711348498,186506.5257430877
1688,201810.58317044392,201629.06610645837,201816.7826774411
1689,208713.4990683463,208747.34711819928,208743.39845354552
1690,216861.66808039474,215611.9395781262,216606.8767775255
1691,208727.14052441364,207397.6005267069,208450.48024561707
1692,280576.04939918395,278712.82605998754,280326.1710446197
1693,177935.99408648,177750.40010958412,177891.2518210046
1694,196372.93023620424,195425.88209035175,196183.32274630136
1695,182900.6810163466,182272.9691006308,182769.28706890828
1696,280334.46730052034,279134.5986852622,280173.0032640617
1697,191536.04867003544,190821.29414921484,191391.0877909565
1698,351328.70012032177,350647.9423659477,351270.94858756685
1699,300210.35420511046,299682.3019643769,300218.68449667614
1700,247188.56290003864,247814.28437069606,247299.9918844679
1701,263943.83160409407,263805.48673250724,263951.2109506819
1702,248761.25904949504,249538.9856141112,248885.37468450348
1703,264008.5815593466,262901.4781295971,263718.8788131339
1704,278257.42382096994,277961.5149983097,278282.2912000629
1705,229923.51123737733,230405.85290937076,230108.8921617752
1706,394523.723386666,395262.80290113983,395104.06585916947
1707,190115.68792907312,190453.4993583782,190232.3332292044
1708,196801.65328695462,197577.62694650094,196930.7286389361
1709,271263.9890758817,271723.1237954454,271296.91191933805
1710,215984.93756936485,216893.52881469033,216246.78571465114
1711,280141.3472378981,278991.1877784079,279940.92253733263
1712,244813.09747919682,245089.3293005145,244986.73955021705
1713,261576.64715127135,260915.91570256618,261516.08735925503
1714,216955.2592293482,217313.77922919838,217041.50097116872
1715,204644.30701664995,204548.37087021995,204601.6628239242
1716,179747.8816699133,180122.8803695352,179804.5841680194
1717,189732.91602641658,188788.39672735118,189514.53845829872
1718,129008.7690844084,129699.45290253474,129142.7849326654
1719,195754.12550912003,195842.1109589712,195809.8634425135
1720,234258.71936192812,235668.46054900327,234642.53705759466
1721,175753.27208054974,176261.1249171638,175788.89454770143
1722,120404.58636644809,121018.66826324907,120470.7882472693
1723,159424.91248140417,159130.7629999645,159271.1182783733
1724,208116.92987491636,208269.14887214595,208284.02436558122
1725,238812.29088362688,238768.34797828176,238838.75759088597
1726,188193.96406271734,188919.8959340044,188350.4586272301
1727,146146.17711812837,146122.03750035737,146077.33860465518
1728,198161.13695083407,197468.99563206686,198005.93271651206
1729,169059.94997864382,168927.45738933864,169033.5301967498
1730,184497.6339212507,186872.3759259353,185381.68448964492
1731,125081.81044826178,124391.31536345411,124978.77101239782
1732,123453.31653575895,123335.2562866995,123374.80453096605
1733,109934.02570009515,111091.57800608235,110182.57709328175
1734,117509.26491974208,117830.32222512165,117525.98747522887
1735,141695.00840295939,141815.30031406792,141739.4435680107
1736,116354.82387222812,116403.6826416189,116273.0366134859
1737,372716.12380744563,372849.9305294246,372983.08510302653
1738,252531.62927192825,252684.57339292116,252330.29120264263
1739,264953.1740064166,265372.98827539996,265301.0801484825
1740,180412.61840191708,180401.3207905925,180251.87767749565
1741,173277.26624282787,173784.67493184074,173334.19438919832
1742,156091.33670589016,155200.97097965458,155885.94543984704
1743,175517.12296130855,174482.88696755527,175168.25230490422
1744,309039.04793988616,309851.6929038058,309359.9111507263
1745,196825.20721252466,197315.49127899774,196928.32732032356
1746,213477.75226966524,213621.95425907298,213635.4360310194
1747,224506.81372746,225714.96083100818,224620.79215982385
1748,230398.48647294534,231012.48612830287,230551.14640838705
1749,150517.00849702576,149797.53648323525,150150.06093466943
1750,139089.05013754082,139486.92977158626,139218.87800231925
1751,267987.49822336534,269146.18454684515,268177.8150829551
1752,115833.53480534673,116141.91786732833,115840.19638916684
1753,143284.59683496636,143046.02642864428,143197.2087464539
1754,216563.1707984159,215933.71856105,216147.4597911123
1755,151380.93342932634,150708.44850920176,150998.02798180975
1756,140612.22633744063,139658.34101005635,140516.2458258005
1757,111695.14711200692,112020.02948686053,111779.48890540296
1758,145298.39203805017,144597.34180377287,145181.45138585177
1759,162698.1592619861,161454.97615094145,162339.33808879802
1760,169592.62486793968,169438.3604261179,169408.42891404423
1761,155271.0488656423,154241.65730902215,154935.18857438784
1762,172445.5159208155,172908.40780020054,172546.03705004955
1763,166530.1425321788,165071.86431832152,166213.02734348722
1764,112155.36147874569,112006.62169233082,112140.27151930297
1765,172168.32437666826,172668.75666092787,172427.40576904864
1766,195776.66644942475,195043.42122896126,195535.46389374914
1767,250844.80714941272,250868.0912308395,250842.62044340657
1768,134829.58885673017,134811.94373744153,134847.82906481338
1769,186045.50801791053,185805.68435311358,186028.41164322346
1770,163068.5219481763,162609.95373909333,162907.451169406
1771,118985.28788879781,119215.35252195636,118917.72703128071
1772,122970.81377714007,123332.69116199782,122914.7897167334
1773,125571.72917949189,125515.70851523697,125525.05448111975
1774,125505.29158129026,126114.93013573004,125718.52057353049
1775,139362.14611939856,139033.3539614052,139336.48235559373
1776,128255.50682188998,128517.23484448448,128349.36064615317
1777,105230.71710550475,104768.07837283926,105164.72159292294
1778,139769.36640523595,140054.75780179998,139938.84101731755
1779,117732.06754240862,118586.85746245403,117765.57184114723
1780,201246.14322275168,200578.87781164458,201219.6666090091
1781,118140.93085094122,118543.3855774779,118257.12922931118
1782,84969.56525480779,85476.09709292173,85075.82134617174
1783,146634.1390826272,146469.99203158094,146274.82756261295
1784,100436.87070818496,100616.74232534763,100462.14482936038
1785,109550.08762907029,109238.75989660525,109474.30052511528
1786,157461.12185654658,157101.1711209648,157361.399155207
1787,166618.83084564406,166272.74618577576,166591.7632139594
1788,63175.45759886998,62776.50612630561,63074.061037167354
1789,103729.38823233283,103324.62717796894,103669.43171500022
1790,72886.18112697653,72790.53720269649,72795.03549145802
1791,204341.38369471923,205903.69266444648,204660.50499160978
1792,156313.83686906836,156973.18649742135,156364.953454068
1793,153130.78009090162,152856.7014897929,153109.40197977689
1794,171185.67267091354,170438.74148773542,171167.26776333724
1795,119277.15433012866,119656.36284905588,119392.64215024457
1796,127657.99286352746,128183.095282627,127839.87119298041
1797,132446.265705377,133647.87335470514,132619.244814318
1798,113220.02413472335,113514.25340808202,113300.48278793377
1799,111955.62205083988,111550.76545912592,111928.85861146903
1800,114683.54020743896,114450.4778921115,114593.4170724233
1801,116750.66908084958,117182.97686949339,116751.68732703426
1802,156790.5794001132,157198.68030799157,156956.04415160907
1803,149316.12810468843,149444.21980374662,149382.97929909802
1804,138141.23745484985,138113.30661549064,138151.18885040726
1805,144325.6982120652,144112.282337428,144332.8151832544
1806,135316.55925258985,135646.75780472963,135524.89729554264
1807,148433.88284810356,148232.39161164672,148634.67396313144
1808,124978.91947827586,124467.81244073207,124834.29571319511
1809,109834.77325102052,109813.03647046981,109805.52852533782
1810,139340.38343956586,139005.93665701398,139272.21713733528
1811,83789.95454508188,84406.01135238298,83934.95912695656
1812,92434.47235878243,92745.32474573315,92535.7173273379
1813,119744.63727651496,120158.21807970323,119824.78442370147
1814,96710.28282738056,96075.77755058429,96627.62487341823
1815,65024.29396930941,65156.12153325638,65051.07926319643
1816,100743.46081748033,100513.23661288385,100726.59885234073
1817,98501.51460412196,98319.8790142455,98359.33712631416
1818,125896.62795621874,125618.43037721279,125838.95306671548
1819,135902.7445927271,135791.62082741508,135952.92982772988
1820,68816.37781880985,68831.98245016878,68805.2725636147
1821,123811.23744910947,123781.77548556698,123864.80873279981
1822,156952.05967996214,156466.950450158,156935.59510559269
1823,58985.07382019868,59000.643071349026,58958.121542241715
1824,128123.797435209,128010.99926204675,128140.1490466072
1825,130043.44216885908,130099.0824909132,130035.7501885161
1826,98363.77119902405,98788.22065976472,98465.1841410212
1827,104928.36657235795,105232.9043452358,105016.79724426042
1828,129202.0104973564,129150.4798628144,129205.7119749351
1829,148262.1324750683,145793.8645606225,147809.11426244673
1830,139701.5328577141,139141.24876466652,139550.6532938287
1831,159382.3928038285,158968.69723437037,159340.18871631636
1832,89495.10912833485,90604.2988606734,89839.69800294391
1833,147433.43648918142,147057.73168260267,147307.62100401352
1834,129459.1875218682,130524.69357725394,129729.69616949325
1835,116945.56065757378,116668.39045746802,116598.0596368501
1836,120857.47155632876,121436.89789888123,121047.78602892536
1837,87767.0238102396,87546.47783263333,87687.96025661798
1838,123792.80192112815,123063.14127848086,123444.18254829885
1839,110624.61791742223,110429.22265827587,110536.79754685337
1840,144030.3007575751,141701.52493590015,143256.0246927614
1841,131398.36399740292,131619.81792869617,131576.55294240735
1842,98298.01165946698,97331.15914923714,97995.03324545344
1843,126015.51855314213,127164.73728897772,126065.96207744363
1844,137367.14333924244,137044.17002568938,137167.90134470977
1845,140266.24589730272,140706.72764960618,140235.54748309703
1846,144404.67813150454,143861.34933845184,144090.56518508928
1847,144277.4010794192,143660.79460090632,143779.90999777536
1848,56779.348787847666,56958.046958773484,56793.80294460293
1849,120008.47949256694,120181.73779536554,120091.32628918864
1850,116026.99005130134,115895.02375319792,116021.85956349377
1851,139692.83355758103,139801.6738780165,139775.67038904753
1852,128086.51769208172,127437.54243365479,127952.70436335582
1853,121779.47002971351,121553.03705373697,121653.64322288673
1854,174905.12646689505,174292.0162691068,174822.05609719534
1855,154214.8523701818,154574.7435243827,154197.51458440706
1856,239164.28242428022,238229.5636938779,238929.98367288307
1857,136044.38830777572,136324.96700264935,136057.05594376696
1858,146174.2144509134,148664.21367425902,146878.5117778893
1859,132928.22679403008,133887.2872657712,133302.18572951705
1860,156570.5527002773,157292.27512989528,156813.91050226602
1861,132397.45773055093,133346.19001100576,132766.8039040147
1862,384023.5434009571,379122.56270570896,383114.42247617565
1863,380011.831000598,375139.5398962811,379146.74606591294
1864,378966.0755536538,374062.2534258116,378090.78993007605
1865,316555.3607523923,318170.4151058534,316885.3538547199
1866,324029.28283719905,323591.3584235788,324025.26370754634
1867,246610.62138980246,247082.73804638558,246717.1519466087
1868,277919.3848587219,278036.30654497584,278074.6906093798
1869,218662.36398218977,219010.52418638614,218762.01616191532
1870,236342.17183070953,235795.73173417948,236356.2860861302
1871,246863.01497054312,246851.42043886852,246874.604911042
1872,179767.54648220364,179614.50270761168,179705.41989824115
1873,222979.22455030645,222379.44450953585,222780.16434034516
1874,153991.52417669847,155008.92927174256,154189.3953718064
1875,205941.70945736748,205803.85862051096,205927.85231297277
1876,202761.1373755626,202189.41003256937,202638.40652519013
1877,210807.71358858788,211161.8471443071,210896.94959293096
1878,210736.95845023598,211360.09372874003,210824.65135057466
1879,117076.19667925648,118116.51221555664,117285.83889076544
1880,147280.275670995,146954.79965754916,147347.29302321002
1881,243165.41161674037,244839.9452773347,243260.90798605487
1882,245136.62933789488,245805.22448896698,245306.57993213882
1883,192446.14651745683,193008.69171525424,192606.156706617
1884,200812.70338802037,201751.44532796112,201015.9919320875
1885,237064.4735581617,236931.4547322968,237184.10874097314
1886,264641.03089037474,264762.18504010275,264762.03110417305
1887,226848.5007380102,226508.901105944,226782.77894258208
1888,293241.1122191861,293198.8314504311,293287.1729302562
1889,174105.48967516088,173961.3745445913,174067.023083638
1890,119343.55062182953,119781.89205666733,119330.10911461842
1891,144869.5268949988,144860.09405292702,144843.54098256814
1892,93004.94779287216,93454.25901673285,93090.14325845937
1893,127136.81171154359,127033.82453484235,127149.14382406467
1894,110582.1172426359,111401.00100284096,110719.0134501634
1895,128661.7128724216,129385.10116343897,128879.10005152143
1896,121535.84140206449,121916.81353083617,121673.34347565238
1897,115338.91652039795,115592.59937838808,115347.66916086739
1898,121831.11132314325,121578.91194861947,121770.87575397387
1899,153342.73928682864,153006.4772492721,153318.77213865428
1900,148075.29665006796,148302.9895818704,148209.27811411937
1901,152205.66307898497,151093.2102522809,152038.49986871905
1902,122533.61693857427,123726.47159538309,122799.92551604108
1903,205465.1167433946,205984.89278977798,205870.31877068707
1904,131631.71501448873,131660.38553700043,131642.28629605027
1905,183325.4081128375,181906.14984838103,182982.01914447785
1906,162456.85597810708,162327.58838745079,162361.81697428302
1907,178479.65336945286,177798.39436320117,178265.75976120966
1908,134346.14104460675,134466.82590153316,134447.09129438584
1909,161962.69587869744,161536.6152497771,161885.22266693733
1910,145548.36741609813,145682.9089664464,145604.0421494332
1911,203751.53193864084,202602.33520736033,203448.45614228788
1912,320116.85704486415,319928.79260415427,320188.49141469016
1913,152407.36294143854,152210.02262945144,152264.70364263307
1914,81767.94629129731,81587.73637031749,81736.93713932887
1915,248412.4608816459,247497.40224110443,248055.57576672654
1916,58239.35260831945,60218.91249859583,59885.48262989315
1917,258759.88803304092,258784.00005762093,259005.89079202697
1918,144354.750452443,144570.81072697436,144381.97289908482
1919,199354.98344753459,198763.9567049378,199125.54428117012
1920,160624.9644688325,159981.2343505159,160427.90586063024
1921,340810.9336491057,340465.9998663731,340898.5728684628
1922,286178.182444085,285996.3283788051,286208.6174009839
1923,212280.4774799485,211795.23056556648,212243.62171583675
1924,217198.66285591564,214786.48886187095,216311.33988706494
1925,210688.68977661652,211072.34622982785,210831.5791235923
1926,337812.4170983865,338797.7005641756,338216.980894974
1927,125766.01615242011,126697.35662321854,125955.8548402275
1928,153673.6409048488,153854.7318685394,153655.83112029417
1929,116460.41635145342,116569.66522480862,116378.91487983053
1930,134405.74260861328,135223.542891739,134431.53798629728
1931,143695.6521659383,143859.31968039053,143671.47560139562
1932,137400.82917430048,137814.07048207565,137521.05321184834
1933,167703.99008710097,169918.9848231919,168017.40390993608
1934,182256.96107607763,182642.8054586385,182326.35115041645
1935,176832.47439843017,176853.10098717955,176835.52843421415
1936,177493.7226621245,178226.47752479135,177634.75890588757
1937,189099.00808735602,188908.71528419433,189037.01163347412
1938,173857.70970805778,172903.54386598375,173623.02869822909
1939,224889.16385671127,224340.9513375755,224807.36767730684
1940,185621.97020172098,185550.34831427937,185573.61476672516
1941,181900.13040470748,181718.16949006857,181830.79734563976
1942,186927.81127853383,185936.86605093704,186714.9592694058
1943,201599.9893690292,200044.24644491638,201254.838450941
1944,300757.5302658519,299119.9946288856,300341.60770446016
1945,331423.5489304675,330466.0917237478,331578.9586575233
1946,148351.03841143078,148180.41833494077,148230.04428882335
1947,261989.49729268285,261649.87703942016,261933.2992958123
1948,174279.5071477009,173776.05864445472,173708.48973374284
1949,240054.92042692212,239569.77010784883,240035.7347549729
1950,206827.85616627373,206167.22770436763,206656.20018150413
1951,253171.51501801473,252806.77184680535,253081.04220966282
1952,211324.3227975319,211479.93812796645,211137.02204163605
1953,179400.44525522846,178308.2807974671,179141.0621693068
1954,206143.77129979504,205855.4895193806,206136.65067408775
1955,131667.4030742994,131603.12072552668,131635.0176401908
1956,363591.6541868052,364491.6605885575,363370.5660521449
1957,160734.48160912754,160322.88045972888,160707.84065886735
1958,318246.9195344538,317989.8969092668,318229.8350430919
1959,140057.60770040698,140758.71810631876,140251.80296401778
1960,105594.5565431935,106219.54884346381,105771.34757791809
1961,125617.95638762953,125317.34657522298,125543.86117683275
1962,109730.71645586715,109579.4164003059,109544.966258692
1963,116915.61856621254,117527.59055913561,116975.86826464733
1964,111050.9210677596,110970.07944074164,110895.79627479437
1965,150943.55743641144,150591.16349643076,150693.81564409248
1966,151672.59608200507,151373.66038850747,151625.73571486952
1967,261637.30992488426,261493.0739411586,261578.09646126095
1968,357831.3980327358,356929.9132421708,357583.0042723993
1969,319898.5100543744,318986.7982260919,320042.33587719843
1970,373713.70193039544,373706.56239189464,373748.99941748416
1971,466889.3865808982,466196.5670737988,466858.6032002954
1972,342364.62389774976,342821.8872855519,342412.85090003046
1973,274587.6174799936,273842.8027839937,274563.6341037615
1974,307960.5461385713,307010.7793510636,307852.4685585507
1975,440323.35516249365,439092.71831221617,440688.98172821855
1976,273059.67503994517,272012.1487144276,273028.71439505025
1977,313724.51419538853,312580.9348413474,313619.53566744796
1978,306735.5224028542,306427.6779128851,306635.40835246124
1979,294418.59057892597,292794.0950106152,294020.57451909734
1980,176112.12562514833,175578.65305203665,175926.80420161132
1981,286719.40681603283,286536.1535329838,286629.67921677284
1982,218101.0012248186,217497.92773454846,217937.20699623862
1983,197790.37116812274,197816.84442322803,197773.3729732377
1984,173244.89307654923,173227.50683552618,173236.15789665887
1985,237507.73607237983,236268.75468865476,237259.1878143824
1986,233223.2730582493,231925.2158401547,232976.42558798744
1987,191732.44621042843,191831.13768456475,191935.7299452009
1988,183157.55755341236,182753.13430605092,183059.05486901687
1989,203402.52790686072,203136.67601625808,203428.20306442803
1990,218754.33998081472,218772.13636239333,218821.65632664255
1991,215844.66250067126,215106.28432693458,215650.86316194557
1992,214176.00497523492,214598.03351634264,214380.8414951034
1993,190177.83905559737,189956.1633570674,190190.3945522194
1994,236694.66984816492,237891.30839797345,237133.03600425023
1995,193804.05784867003,193459.50304643068,193757.6318077332
1996,233390.49613303968,233474.5011234123,233523.5392422664
1997,285543.2205589531,284064.08516727714,285254.2878024365
1998,279189.09479360725,279682.2654145592,279440.8860286728
1999,271061.0222347795,270316.0501602168,270739.5244464958
2000,306173.704664028,305845.84096454957,306311.38892075326
2001,269940.72346048965,269242.407448401,269758.3732348882
2002,252401.96403751103,251037.11775610814,252231.07509137414
2003,261137.58553234412,260440.67754928887,260936.55111103255
2004,281902.0648211946,281458.4758363327,281816.53149565705
2005,222570.10251272217,223129.46364973878,222811.9144361259
2006,211178.63280235682,211869.08326339864,211350.68047791094
2007,254074.82937075006,253262.05809352282,254066.12528980023
2008,200957.44236564418,200715.41356461696,201028.04161562456
2009,196483.54424360473,196271.2720031907,196387.569532493
2010,201220.117623887,201443.2021684738,201257.00011083964
2011,139938.80892309872,140136.76814732564,140015.60278620617
2012,179894.82203842176,179955.89269059518,179943.17754518954
2013,167439.7274414201,168002.57706215364,167567.07148566353
2014,180949.6501266416,180774.80609080775,180723.82095208243
2015,188666.03889213462,188926.9592401123,188714.75482311772
2016,193070.3876986089,192982.7202878565,192969.83952343173
2017,194357.8143800282,194024.21213295212,194111.70053851354
2018,125781.45614054619,125946.90233523857,125774.24892674187
2019,143797.03036457044,144135.7443958343,143825.51849284227
2020,100287.38435067494,100007.67931660709,100084.81964619114
2021,105455.52049648661,105967.77163655522,105586.87732998545
2022,184410.72128881505,183636.24534437418,183990.55849063466
2023,139789.57894212188,140205.68677040993,139876.98977482124
2024,266288.1283599229,266155.72304837935,266322.4631529373
2025,332823.1461204091,332253.6084876214,332678.614544626
2026,166572.2928378811,166697.39052326418,166640.9517255143
2027,153022.228202093,152058.7697788712,152705.11866279968
2028,157952.9402580639,158357.88688579036,158086.00201024354
2029,162962.72793530868,161963.84265211056,162658.62320636335
2030,250401.24813905547,249913.08241192938,250392.27549938392
2031,234099.49466211654,234155.66245473968,234173.77358293976
2032,237729.7183283429,237829.50642819615,237725.07431425495
2033,241129.88047717605,240604.5598807706,241119.3676630605
2034,172491.63592765963,171471.97860118854,172185.30990457852
2035,221772.078664338,221333.18652056155,221707.4771817464
2036,206580.2194316887,205256.1866144958,206159.6475351115
2037,208372.27184986667,207252.86271846713,208007.2298682713
2038,308450.83177822066,309785.3097147879,308628.735273412
2039,206175.98680704716,206052.4502331456,206177.99591989443
2040,300203.59700249543,300662.72479095927,300283.8119917682
2041,292313.7888403488,290632.43837645504,291834.38290038536
2042,205461.06880215072,205510.39834685868,205527.79849258738
2043,170595.5057772983,169793.36563076283,170047.25011292112
2044,189120.5093309957,189142.63329356513,188966.17551998384
2045,213358.99265107195,213390.24252587475,213238.41934898304
2046,135590.82842556367,136174.26460538476,135802.0289118332
2047,139836.97721404443,140336.16556198345,139944.46125505707
2048,146733.13639514014,146652.98850172473,146709.88469869533
2049,137947.3824479686,138613.01002123294,138034.5326266474
2050,176286.06296621755,176848.75370589207,176480.46077119338
2051,113610.8128201704,114050.47641883418,113738.54847843567
2052,137027.0373272536,136185.31398315754,136855.73514510438
2053,146181.70293957234,146366.93828887175,146220.989909468
2054,93125.16798505154,93313.78711767988,93217.636858681
2055,141022.86920419597,140791.1204153933,140983.81903009352
2056,154684.71224733948,154495.95995883225,154666.709655599
2057,108423.00204795628,109065.78589786257,108570.9484043917
2058,199487.08658736278,199495.03276761613,199402.77639461
2059,132439.80440835678,132291.07395700857,132385.74961877297
2060,175585.7068125788,176298.93809112956,175566.87339263567
2061,178852.34523848398,178402.29641470153,178869.7013792337
2062,119155.73065181317,119357.12221199751,119173.52792219078
2063,113822.76271669945,113373.20506392061,113777.51628313951
2064,122712.81333632985,122631.28268044032,122591.02501258484
2065,110434.40143824395,110322.47912787796,110473.67824228288
2066,164943.50455873177,163963.0151864521,164688.11458973278
2067,131043.97244438987,130992.79289163592,130847.0174736539
2068,132070.2164556,132528.33587340798,132192.431692452
2069,91124.05271086242,91502.97403979478,91238.10153269718
2070,110444.25543153904,110567.14108116552,110507.8693698406
2071,94945.14236583588,95214.57080537712,95018.53480749378
2072,146071.3269882122,145479.26679050594,145599.33375788628
2073,141219.85161459108,140343.96234683992,140886.02872689787
2074,171121.24021548682,170222.62482385512,170834.75555870688
2075,139547.94797202502,139907.9020313201,139601.16185476215
2076,122764.11687323678,122701.02664104878,122807.1536044606
2077,130150.54630341088,129933.99470670999,130020.17350949386
2078,115162.30611125102,115403.15856456354,115098.41211758372
2079,133529.24250255167,133153.1954229761,133462.33639760804
2080,125351.77475554723,124566.33834185937,125236.91131257618
2081,120507.36829441866,121223.13558886989,120717.26353376536
2082,112105.13015848544,112857.35730296466,112228.25370408168
2083,132543.79593417846,132620.69392885405,132588.7103242184
2084,111883.57592166652,111777.96229375538,111786.17630495777
2085,113452.87294225938,113807.09784328211,113548.68948787892
2086,154798.18138431848,155016.53119038383,154876.97446061857
2087,134564.10228263144,134651.22384841548,134673.4925284035
2088,103233.47058969957,104035.7534404765,103441.67691030269
2089,86052.95094211052,86040.52941361714,86067.0637409369
2090,133542.8337389852,133975.66524472204,133542.25682756412
2091,86241.23207744624,87090.79531753223,86434.19066120553
2092,127825.5466936583,127426.30715713781,127764.80212481342
2093,114614.17568221898,115068.38868768488,114838.18165362102
2094,119299.17942752007,119074.5775035165,119185.16147273143
2095,137072.28802586242,138539.3788137697,137348.87114716214
2096,93301.42345185245,93044.47321508297,93275.5972164818
2097,96151.38504135802,96308.27245601847,96215.87527288878
2098,138496.80870321667,138650.39073836058,138606.2790937024
2099,67602.62035711353,67774.50578692877,67636.66581187544
2100,79175.60789733959,79353.81837982761,79077.59703577247
2101,108455.13374521675,108894.44444448485,108578.65047919474
2102,132634.60344567636,132852.79542034524,132790.0754003076
2103,100661.30011371034,100862.46844801315,100730.66501686782
2104,131880.62532578278,132949.73460304647,132260.6531375123
2105,114641.12638759357,114897.81966142188,114663.90569246202
2106,67017.27166050408,66959.520657115,66977.27440317484
2107,187590.27735244835,186308.33782302638,187405.99610846664
2108,117173.23953399141,116733.93351871835,117103.38659688341
2109,108372.61453131719,109015.8475635583,108532.88873402281
2110,119069.67372086098,119427.81107637189,119202.0518594847
2111,159945.7149000044,159996.42074837218,159988.25373948622
2112,119028.18790243771,118803.49924608113,118997.64894650651
2113,119075.74808646452,119881.4452206546,119309.66440865658
2114,123816.14125961042,123468.40302248191,123732.32182221685
2115,148881.6597284125,149437.33525963337,149062.00158753636
2116,126182.59716475283,125846.14083263415,126188.41755310542
2117,138628.82370694744,139916.69405945422,138826.28588241286
2118,118354.12074972597,119371.08184140212,118822.11225278463
2119,114201.03268640567,113805.8968319388,114147.62994237339
2120,130255.77945340204,130304.69657954588,130283.23635673997
2121,97230.64575985579,96702.40841789785,97095.30527549626
2122,94961.37614556268,94707.55231612036,94851.15490955532
2123,108862.47057318289,109232.78186207423,109031.24391833354
2124,165192.62269231776,164614.48397456438,165192.05815884224
2125,124081.71589227514,123765.08347912875,123957.62272802855
2126,131384.75209658884,131372.78628032358,131263.70716046536
2127,152519.12023830292,152485.4388493682,152402.42987390814
2128,122535.49798731782,122542.80756796527,122665.35079280399
2129,107602.17453440125,111028.29384858793,110739.45160114615
2130,128259.8258415134,128638.78194321072,128290.35182478237
2131,178559.1625733082,177226.65571659416,178252.93093617487
2132,118794.97258067637,118020.9405262736,118648.8118991868
2133,125868.88056166146,125134.06110222253,125857.12872858663
2134,127696.73149993109,126406.65305907323,127355.89314048496
2135,111772.63164028454,111471.7493638357,111758.60640306586
2136,62914.592323993944,63366.022279201214,62997.24918648186
2137,115649.11929781074,115914.27779130201,115698.74531350804
2138,130337.43906908578,129392.97347304478,130100.32671463217
2139,160206.15761022738,159570.4749646511,160026.1808601391
2140,143625.43937266973,143960.07765746044,143689.49266254087
2141,164873.84198617013,164426.38400564625,164627.62654703256
2142,112982.77408117615,113516.05554562277,113118.239255166
2143,138429.1206398519,138534.72257995902,138470.76581721505
2144,103080.41767002844,102325.55729312466,102773.18835388316
2145,144289.78913942978,144461.63056112357,144328.01351903775
2146,176640.2284433751,176519.80023776396,176750.3359538694
2147,138556.88594899024,137632.38571933054,138060.8642922434
2148,156323.57951323807,154773.68184339494,156087.9451701622
2149,147592.4725710602,148145.55928219372,147654.95572000474
2150,230545.6576379918,228698.82116731227,230096.441085631
2151,127232.94238756727,127596.28849618266,127457.64249205895
2152,139469.2654420893,139621.7412983634,139529.7977890629
2153,181594.65702909452,182221.70571881026,181639.1111281075
2154,100762.25633975139,100925.07899330204,100782.53331334352
2155,145277.65649139028,145933.46442625756,145419.2907591226
2156,254640.01904767513,256362.09882577744,254856.6602359122
2157,235502.9053319877,234864.50352135437,235203.01355645776
2158,229434.68542138586,229836.38996506442,229541.4583746022
2159,210123.64341657533,209926.96705591562,210078.20384705835
2160,190445.0542068137,190398.8155619582,190422.71622780306
2161,258826.52335784349,259046.03246910995,258903.05486655695
2162,414917.78607306693,420242.5338969649,415695.04751674476
2163,351123.76296748786,349573.82379422255,350582.5971121469
2164,242346.80443097462,240942.48304175652,241970.9533055434
2165,191590.26369207044,190407.30408742983,191407.41937985914
2166,158226.36885742407,158162.42430460016,158260.207012279
2167,213601.99199476055,213818.32181470335,213684.29628399524
2168,190651.6757396456,190696.59015543867,190613.19775564052
2169,188628.54132751003,189479.5972418189,188858.20420112155
2170,203108.9435208198,202216.04004212705,202811.61000373788
2171,160182.9564130714,160519.55769232113,160298.30633709504
2172,140022.24247287284,140030.71868255132,139952.8403640936
2173,197686.66456217386,197526.3146411774,197656.35617507578
2174,228655.69422442437,229367.89399373595,228839.32923571244
2175,308376.1290605539,307131.4807655834,308226.9123957593
2176,293189.1575750166,292937.7604876521,293320.41933151043
2177,239043.37443008155,240012.11987591843,239254.03408661185
2178,222625.69467104587,222868.56524751068,222696.4574363167
2179,140678.30574990323,140559.0637159377,140768.77624636263
2180,226943.10775461458,227587.43746111143,227455.404093779
2181,190162.04587107062,190261.60945312513,190247.3644652109
2182,221771.69167974262,221806.6179828092,221836.29731143307
2183,189883.3879073226,190502.67494373297,190001.81602611052
2184,125665.35867183484,126586.65361573904,125856.79265628704
2185,124000.62345669317,123813.76791067059,123789.65962818085
2186,162692.37076960976,162171.90164873155,162408.71756949456
2187,169020.23818265452,168516.59882549997,168862.42700072395
2188,170378.32022069962,170838.93968045153,170593.34975712173
2189,294816.24781562464,293319.199925411,293750.2342756366
2190,81020.40525853928,81745.51408436487,81262.85844740276
2191,80796.78797800226,81503.15041818887,81032.21093313687
2192,77421.42225586476,77203.98470208149,77281.29915252219
2193,103369.4664875377,103719.05449882634,103429.51452385155
2194,113729.14918358721,113803.33165802027,113641.85270581912
2195,93398.31905380702,93680.32537334361,93459.23725971997
2196,100628.28115271906,100842.449603099,100625.33082676011
2197,113166.03593063947,113447.30877372755,113184.90400093349
2198,159510.5054723449,158817.55088450617,159360.36684079387
2199,207322.53879668287,205442.93594784604,206916.89842202797
2200,131766.15414873013,131255.89195927352,131709.35802691636
2201,126970.43616156152,126665.42313534982,126991.02492270552
2202,199412.092022956,197825.3593325925,199174.4460898574
2203,119023.9103054546,119196.1397596215,119075.5293160363
2204,141085.69309933842,141502.716113137,141155.24850264296
2205,102220.11494331066,102381.0859837316,102271.65135156088
2206,134335.95113351205,134536.0934523244,134265.09937695178
2207,196464.417428584,196729.24953288957,196380.9153998624
2208,263461.01205601124,261307.73976950586,263106.6167851453
2209,184712.93647885325,184487.3566986647,184434.68027866055
2210,137017.09202380534,137354.91951585343,137160.95680981083
2211,136389.6908112262,135809.1927854799,136334.3832927906
2212,129085.08161357786,129484.88101868037,129245.75233708958
2213,99520.19170788994,99603.97117144387,99530.7791955908
2214,132456.29908330197,133073.91954227915,132547.22977448293
2215,106521.682662671,106915.25510242897,106605.47175592817
2216,130533.29811270494,131197.67580267173,130668.78887702302
2217,73838.7771816734,73897.76442768473,73836.05283923088
2218,87890.98677885396,87769.26396638369,87914.93513610386
2219,93938.66918019262,94148.1288884608,94032.62427063794
2220,82979.75371556649,85719.53172540724,85265.7051462141
2221,250727.0740168671,249985.9697128691,250365.11733196708
2222,228237.9128093394,227436.74953711012,227835.7847701373
2223,275507.9796505717,273586.79701551003,274917.88872935553
2224,237687.6045833601,237738.14727177104,237658.19028213812
2225,140383.15561010406,141477.4866230752,140677.98530098324
2226,176820.8628860896,176776.96798777822,176793.6023553247
2227,203048.50253065248,202153.6311637627,202831.7659807115
2228,262473.4675665581,261661.57617658537,262353.0224736154
2229,239365.33568946348,239278.76515641934,239349.5330605779
2230,149989.44917812652,149874.24362709612,149933.38785740786
2231,210437.97730506505,210079.11643323288,210437.3219147487
2232,193017.75764369135,192753.82634215307,192925.26655263678
2233,172436.79487783392,173126.050074014,172499.20545561746
2234,243594.22810129603,242918.5827646996,243525.37091128854
2235,201896.54478961497,201739.25102547268,201931.51746353603
2236,254120.2572627333,253812.3409005577,254137.46017424992
2237,295220.1799960236,294926.9639291952,295029.8535532743
2238,237390.45361573194,235880.65871996572,237574.67439706557
2239,114464.7687084951,115435.26928277197,114744.28707678308
2240,156428.4942147093,155767.03456040504,156304.33243774975
2241,136939.8211347445,136586.0382601025,136710.6164395546
2242,120995.79505847368,121323.51691040676,121027.59922689231
2243,133840.3945643155,134256.20612034627,133813.35447772598
2244,110943.40990542548,111236.19796544644,110971.46888906308
2245,107424.97815775071,107467.96475726641,107441.52738020076
2246,138334.5077147718,138445.21073566048,138361.80174436973
2247,131722.76964243865,131815.80267245191,131594.32211767728
2248,128948.68772258612,129448.3937394134,129023.45697095654
2249,126560.1991198493,127694.88216548941,126843.46360512207
2250,135698.52528192598,136335.36100404296,135879.64869854797
2251,95528.98341253513,95300.15870659454,95256.01590070518
2252,176364.66245175496,176405.44075777178,176366.65880537714
2253,167029.36053324683,166403.44289200322,166849.46875823912
2254,178837.86069431112,178615.38657380387,178775.89172218813
2255,209197.18677838004,208717.49209057735,209082.69891306604
2256,183877.52371105718,184142.4730393217,184015.19573362428
2257,219529.74425593208,219519.0417253122,219436.23903066615
2258,171969.33571981904,171511.86019082897,171908.48875853125
2259,178450.81719418554,177916.50958388922,178321.46064997354
2260,155191.60555793354,159793.78558086947,159498.69464622316
2261,193930.64773984614,192599.7336202905,193586.2937222108
2262,199758.85047930307,199909.2258992243,199990.89426336432
2263,335518.2161298784,333184.8101168145,335001.4529369034
2264,471040.8710418788,471720.3615762797,469938.05216241884
2265,154877.60048943243,153692.73040149597,154135.4025584551
2266,246948.1519836989,246218.40799237826,246791.73847956854
2267,290646.12440995243,293054.25185634464,291316.1710800267
2268,401610.30596216716,400504.9766145728,401607.7260241397
2269,172950.20714604048,171945.30461617114,172709.64957015883
2270,201103.42737906717,201110.78746900737,201107.65277871312
2271,225286.1862229249,225114.75283314646,225168.80415444708
2272,220433.72593178414,219301.5404640469,220115.64106350456
2273,165677.73101435904,166006.45245696572,165727.67168901916
2274,183441.46859109268,182939.52794755212,183372.3521001464
2275,167091.1291105243,167480.7860389622,166770.92444883555
2276,184270.17860660606,184115.6160338181,183952.16644770987
2277,202898.70890398763,201844.75939933996,202575.69911906615
2278,159945.7545239545,159770.71686111522,159905.50535393078
2279,119376.81264018154,120684.98793212361,119637.84546561017
2280,109708.56747742367,110234.92038857068,109844.99072071609
2281,165827.68335276598,165910.13010732507,165791.69669506286
2282,181110.8341308229,180670.21767977584,180916.5855271004
2283,117172.23779919045,117433.0240714434,117158.50214386814
2284,118085.8847950117,118143.83764598763,117965.44792034212
2285,147205.94695930273,147722.34818409279,147288.67894060194
2286,123163.81197410623,123145.9561227433,123148.21240999272
2287,319273.15327833313,318058.2553716345,319207.71161340585
2288,253955.8057550566,253893.73309638267,253964.30170980454
2289,322684.37068619113,322616.3909200469,322509.51328924054
2290,379504.4737208688,380789.0050065181,379676.765030005
2291,297752.3847135929,297149.60198197543,297822.40720610763
2292,418822.87506283895,417871.60662783,418530.25962710904
2293,401822.1908383981,402834.960704133,402180.4402619886
2294,337002.8609359163,336986.1511250594,337088.78957710194
2295,438760.82181056374,438336.12555611454,438359.2289089683
2296,234278.98994723754,234700.9522315217,234173.3484979259
2297,309089.53044766316,308073.2302582584,309022.1623260342
2298,292590.8279922708,291766.70359787904,292280.1226108259
2299,329573.49025853677,330352.35769056866,329648.46566874103
2300,298047.52479798393,297873.36513616267,298182.81070227915
2301,283510.83291974256,282344.03534755466,283290.8839893952
2302,245053.43972599227,245108.9292373933,245043.59017348939
2303,243782.1115538501,242890.31056111123,243633.0138750146
2304,237926.69363175772,237745.17956994582,237792.21144421835
2305,180623.69422552027,181014.85501243017,180631.67808235684
2306,180019.16996125132,180537.18710045688,180061.4799724345
2307,187364.1368858048,186696.08024084556,187162.78694763494
2308,213310.64128849749,213872.25509718276,213371.01403010794
2309,253506.76939152353,252976.58937628582,253384.25154758975
2310,200739.57092393894,200746.49578757523,200700.2280977362
2311,200939.35455841653,200340.03639905728,200800.09400602957
2312,182455.41455464665,182680.0304952745,182409.13906655894
2313,183786.9151861154,183731.40552191355,183797.83360454466
2314,182503.56153261106,183067.73138495735,182774.94196239297
2315,184563.51112386232,184567.84635582456,184555.62169819602
2316,216353.35735059614,213434.13087420963,215997.66834600113
2317,183959.98421438705,182890.45638078294,183735.23481389997
2318,176012.49644710694,176184.96030531282,176053.2878700647
2319,191902.63691804543,191820.16951560933,191922.5984092768
2320,195772.96842622262,195799.04460112774,195853.06434854656
2321,256150.8481491456,254374.29617708657,255854.41553528985
2322,198565.39362731556,198424.4853324206,198713.0564766518
2323,186459.06902650668,185753.12748846386,186298.58662705266
2324,205732.17018845875,203750.1566729297,205212.08418619906
2325,214474.9833707019,214338.85622072485,214317.5029188681
2326,192260.08791518488,191673.3254549137,192086.04912307588
2327,214161.6001657061,214145.43916728403,214222.68911532976
2328,224353.3564916532,225090.81618518243,224584.4987136712
2329,203445.35427166856,202503.1832545605,203230.56238941208
2330,194452.75448020056,194579.89177411824,194423.8130332522
2331,330775.96782168484,330417.18231093383,330591.5682247203
2332,376904.67420288565,376453.6789195135,377191.505344832
2333,328627.9138917187,328224.07959072734,328684.4205639638
2334,247531.55787192314,246816.08416492277,247587.87495256876
2335,275622.13498933293,274469.75919765694,275344.1209645912
2336,289843.2239916133,292457.3290786581,290499.8260264886
2337,194759.3410888407,195387.6715832035,194900.27772750452
2338,274015.9890647724,273774.39838455786,273988.40792255785
2339,228459.2171672759,228494.5819836025,228547.62356399177
2340,353425.9885150621,355166.9151204743,354035.95207946794
2341,216348.15218222252,214456.5116505434,215563.04321170677
2342,241946.05521431076,241341.16749709478,241891.48060707664
2343,230447.55247734027,230618.3218700591,230406.9559892299
2344,232638.2580299846,232249.4675189546,232754.76920131623
2345,239495.80737176724,239327.67969254794,239391.8835473042
2346,207573.21159097293,208162.6372639881,207712.49301308056
2347,186062.56497010315,186537.69157575362,186157.93430669198
2348,231200.5222967083,232408.64122879025,231466.54687256005
2349,167733.38470260406,167899.58526260447,167697.1279405577
2350,287821.9122595405,287154.1135463867,287616.2460066943
2351,223225.85090399592,223767.2675918864,223437.3947404434
2352,245608.48417270707,244900.98345619137,245723.4713823016
2353,239228.31540682743,239375.0353153365,239317.2661899967
2354,130344.55850017015,131029.18332105142,130451.78870586168
2355,143308.94344336115,144062.07313447815,143464.7331865404
2356,154375.95785241935,154639.42835297485,154432.00342160338
2357,196917.3951765911,197364.47538523577,197026.49931028596
2358,182548.38302806168,183284.39146355237,182709.53707272577
2359,139183.09572384364,139680.03674523658,139222.52351879948
2360,120213.41029115647,120205.57134601245,120237.38331525713
2361,145893.1579417045,145405.13980981315,145657.4927618413
2362,265416.8804034734,265718.024759889,265542.5822444298
2363,141926.9121472177,141794.6711755168,141995.13192195652
2364,191501.71039429653,192088.11626802429,191733.45549628994
2365,223225.9222989932,222645.82345043783,223059.15874001957
2366,188497.87486478445,187121.853387073,188188.03359716592
2367,209534.29092198962,208385.53370956238,209329.0298798875
2368,196324.89937136776,195800.51218042895,196215.1272373265
2369,201036.03776899923,200858.975252813,200876.8892534817
2370,172244.49814500072,171019.6729195358,171865.7477973421
2371,149892.15924773546,149998.7923570028,149874.2008501132
2372,179327.98585960388,179688.62540150303,179364.99422258325
2373,287306.2102484383,286749.2986053166,287202.6905592383
2374,312902.7144397969,316001.16665721184,313215.15067610954
2375,228998.93185309082,229048.2622469732,229003.27800220958
2376,267434.6904693072,266873.92921224196,267225.3916569832
2377,306547.4318375273,308163.3647303926,306973.2326701907
2378,160886.56901074795,159252.24397176562,160479.16237125374
2379,211777.55395211367,211205.76047350583,211635.4773108872
2380,147465.3869573633,146951.61068849018,147339.42827277814
2381,164168.57396351476,163591.9918655627,163927.85118651763
2382,231585.1793750487,231442.49822620067,231483.8748050536
2383,209357.4682634789,209156.17946053884,209440.05866693528
2384,250239.7854814879,249534.53322201653,250165.91449294705
2385,180559.5235628845,179017.57963087154,180166.20663848412
2386,130814.66892058763,130879.19934517767,130833.85828444526
2387,132989.03991710136,133273.74825874402,133063.76519301266
2388,116266.97999554448,116238.33887282331,116438.98352877607
2389,119828.77045449213,119633.7713512544,119879.3036359919
2390,145494.36633159258,144740.79336525616,145389.54968545653
2391,132940.26976051147,133654.9551744237,133041.78520517767
2392,110650.28797129403,110768.46669877603,110681.02412998001
2393,177283.89679279228,175931.47276804448,176844.76884381118
2394,133274.75797578297,132870.0212347322,133114.18417357723
2395,214264.8002518329,214964.42467603806,214352.22381267158
2396,144570.84325611472,144645.32637560362,144463.41476677154
2397,220228.45974118946,220096.29224168754,220066.08255823224
2398,134436.74578790535,134909.85555971754,134539.75320834247
2399,65216.202430213125,65178.06153728764,65136.518343035925
2400,70463.07495464636,70051.26508359531,70363.44605845955
2401,123659.31952648029,124444.22998465135,123879.80110535269
2402,134126.29865836806,133881.0503411278,134085.74546216812
2403,142428.4284739905,143013.81523853814,142616.94449537082
2404,141646.15760816916,140479.14407753394,141158.62054705585
2405,156748.14355791238,156015.5181818607,156525.4227175414
2406,153824.94364253382,154371.860680984,154026.53010988675
2407,121317.19002425669,121107.93030739672,121263.72668521656
2408,156311.89315360438,156162.75850122338,156222.2993426088
2409,119523.9506968838,119925.08375778026,119596.69934827118
2410,188661.21544768073,188837.93002173383,188772.89154673283
2411,114266.15565413638,114164.42121042572,114262.56347364812
2412,140181.32741723256,141262.38429921356,140406.63756835434
2413,121305.54150355967,121141.0135933138,121252.68050827204
2414,142069.9479920826,142550.42267970435,142076.41622580015
2415,125499.94676542215,125985.60693699398,125670.3307531408
2416,126358.00807072497,126113.51811982738,126409.5713759913
2417,131851.0134458982,131937.4305548671,131772.44030597297
2418,135513.70222343263,135443.38416909057,135508.2385813426
2419,108029.80590369117,107791.49477665644,107944.67833835901
2420,127233.75114180378,127269.02904037744,127200.30817367254
2421,114180.15197614973,113956.67013063814,114192.67200281804
2422,101152.22323734363,101553.90151957385,101187.91997098213
2423,98450.54959167427,98386.1530689608,98366.30740649776
2424,165889.49971512475,166298.44601531827,165938.93659342156
2425,211662.29015914837,212854.2285719659,211527.81192209435
2426,129142.34538993622,128528.533293648,129001.11856064625
2427,107034.73047021273,107039.17632233816,107025.52292075759
2428,185728.83250506152,185894.44319126027,185484.76148276575
2429,116792.00340404663,116534.41903832437,116651.93520161761
2430,138820.66956802006,138987.49342744017,138903.14318737574
2431,110254.41874491541,110652.47000059944,110236.68878134839
2432,139631.29613630442,139807.86895513517,139678.14444470304
2433,137759.86363065432,138050.46627373883,137656.86090467108
2434,128978.25123094965,128757.98354941192,128834.63542565389
2435,145356.342125252,145627.2345581906,145410.8084199045
2436,113029.96018735827,113347.33323957858,113103.11049500703
2437,105780.28497940999,106255.23574317517,105909.6253967207
2438,123022.63236383225,122901.34249093528,122919.8785414553
2439,116261.8530795335,116129.89693109135,116260.72185867435
2440,126989.87582652953,127014.49993164306,127054.65512726727
2441,104486.90871942395,103952.79236115178,104417.84005010691
2442,107362.6797529665,107316.51504269533,107394.22024702483
2443,133492.2064219116,132600.54518811166,133421.0462030493
2444,122038.06764525756,121800.88808668956,122043.02589799745
2445,87120.09892504926,87222.98599631536,87141.27231317917
2446,124323.56655648901,122837.9959920466,123895.236457672
2447,192608.49802208558,192175.34506057051,192371.27274552747
2448,135984.24878727525,135510.9772318712,135615.6457250527
2449,116411.28816778533,116368.7746112159,116444.91688972684
2450,149840.01724792106,149226.33738121376,149779.83729054037
2451,121485.29352876576,121785.98067879675,121529.99250233179
2452,187529.761882927,187182.93411635477,187575.17655232936
2453,100244.63105886,100703.94609927066,100370.59223797986
2454,122130.76982123619,122371.30341968888,122099.41188754277
2455,131177.9720163712,130866.01580940714,131148.52044240013
2456,122753.63662476173,122820.23438533027,122816.96536762892
2457,126181.6908127662,126434.49440905277,126234.48875933576
2458,130669.22414918734,130606.49506597016,130664.1385782418
2459,105785.6748585716,105705.20559639951,105791.9780897876
2460,147254.8355032489,145931.26308571378,146936.87392038063
2461,127995.20164929966,127255.36782817169,127830.88547288443
2462,129374.0895071736,129783.99120470678,129509.37516259732
2463,122514.59753392007,121459.44186679549,122385.93227199322
2464,160364.56979181102,160568.13992173478,160307.46357177358
2465,129895.39440616364,129689.76257148282,129923.03405811643
2466,110370.58742549208,110159.63943840304,110284.85656519045
2467,170031.03107128406,168868.66670933037,169829.94297423522
2468,93634.43075431332,93146.97512512446,93450.20335971264
2469,86783.74098750137,86723.45679267336,86779.92008420096
2470,187269.71083257016,186803.5322759879,186936.45717961263
2471,232529.91009468684,234257.0198032592,232913.828945349
2472,149750.61431445464,150105.0581823316,149854.9840274704
2473,110697.37030084382,109633.65108147931,110355.28776965573
2474,81753.23070505647,81707.32566877117,81660.31383698274
2475,242195.3595977154,241124.66079477302,242098.78642562128
2476,102967.7495072023,102691.30505569933,102886.54401485618
2477,101238.36441541952,100904.51423117526,101000.77440794492
2478,150080.12756857564,149776.9629807275,149958.1214168955
2479,108753.50764446621,108290.82622287545,108630.7423456212
2480,148670.59582460613,147732.9171369429,148170.79919892177
2481,116028.02457008201,116150.3062981565,116050.2052053399
2482,120850.32027683944,120328.58470660941,120590.1481268355
2483,107772.45204221559,108310.88692998925,107908.17892296928
2484,125440.8541354191,124950.60702440902,125370.10428626297
2485,128534.21558781079,128256.74701797772,128449.31027328248
2486,144304.67172676855,144705.08956895737,144352.54698329308
2487,161072.87629083576,161054.11359621736,160880.62455679826
2488,179586.24566991406,179970.6972494588,179752.29950167678
2489,162544.17689703067,163546.0834774981,162803.40631265275
2490,149974.34829803463,150177.4241206413,149992.4736105381
2491,112094.10279104124,111994.5800509466,112110.51156158431
2492,184601.20093434938,185394.75028273353,184711.1898066966
2493,148609.82588915798,148232.35457671146,148436.01088727886
2494,141533.46899482564,141394.51426357834,141357.21427027424
2495,97821.40514669722,98221.31000610732,97908.12847344816
2496,234921.04935876583,234037.3634984084,234562.38418128717
2497,142888.65297737377,143790.76990234177,143078.7783444633
2498,109363.3007355474,109600.20913791258,109270.65871383803
2499,99615.75450740318,100161.40779756261,99697.92035269793
2500,119809.21383270931,120332.43127419161,119857.61096815231
2501,127895.75597272046,127337.93154255241,127739.01412220926
2502,150222.810428668,150733.1281723373,150332.17761897793
2503,95359.06558227469,95031.33967731454,95180.7476824132
2504,174735.9514453917,175173.31048592197,174846.02232456836
2505,231208.48732854959,230586.3152469582,231112.58071892132
2506,262129.22211251425,262383.52862337313,262200.7691599887
2507,282305.60950361006,282113.2807005494,282075.905920899
2508,263085.9024484765,263360.1438505321,263156.5658015956
2509,220912.55910821015,220926.4411648939,220915.4496859573
2510,230595.0379478184,231424.5128414088,230733.4660841555
2511,185287.18938540353,185616.15534815297,185437.27489147248
2512,204304.2052116909,205106.15097539165,204465.74816538455
2513,224383.27290300213,224172.3960928709,224265.76970470982
2514,258855.33571623344,257368.44499538586,258839.95557628004
2515,137257.17492782374,137755.0220689048,137135.12935414197
2516,187642.8939290418,187032.21104833888,187439.41978535106
2517,146152.4018911517,146536.72522511435,146223.03122931218
2518,150590.7077483613,150646.18272927133,150489.4738220019
2519,216439.79676530717,217561.31477080946,216664.25880066564
2520,222756.94601497476,222337.72278761835,222675.72729517386
2521,191504.06899539012,191814.9029040294,191583.61558684093
2522,229689.17368756927,229213.1715993345,229621.47878521282
2523,123192.82285000931,123570.21982456824,123316.83193577267
2524,131651.1780877742,130967.55049554355,131426.42213303634
2525,142124.1088238408,141889.76140895445,141931.49930955042
2526,128921.9907833878,129671.09160461537,128945.51589810221
2527,120525.86381040426,120728.27986814125,120538.88858245144
2528,128633.15832730982,129091.14027419206,128792.77506247317
2529,135880.66886354753,135915.25500966382,135866.6541337433
2530,133969.6400533602,135130.41679171353,134160.4804353874
2531,249098.62614093252,249747.6854558057,249186.68806899074
2532,232780.19964486416,232782.95724220897,232778.60261167382
2533,203481.8771794681,204172.56927344555,203626.86053359523
2534,223888.05731589452,224394.94539002638,224084.78144807767
2535,284578.2460859979,285109.0126685318,284736.51394446497
2536,251525.5818871095,251341.16436118344,251397.8567337027
2537,229516.50261924253,229411.2359401935,229650.987684468
2538,190444.42735944083,190818.9542112051,190488.3408663201
2539,200374.60770470207,200310.01686432178,200406.1770330489
2540,182413.6228722699,182371.91743699522,182444.52821089225
2541,201969.3574233711,202059.34648639875,201985.5814789574
2542,158083.93035204872,158146.4586128413,158103.51881584583
2543,122824.61588613533,123117.21748883172,122823.2198815043
2544,110864.72460037532,111196.18897149677,111006.15259675805
2545,136796.88447344332,135699.89403472818,136517.00612842455
2546,138797.89731124465,139122.38057662864,138936.93373279172
2547,159660.23279782117,158797.8104434204,159418.87239327605
2548,167513.32298817413,169535.5218144932,168102.02030688015
2549,164812.37678823408,164313.02001930284,164639.63175594568
2550,713120.2729206356,706787.0282137791,709725.2517989618
2551,145793.7329667647,145715.46847758285,145739.72576500892
2552,132190.161344944,132668.07332873234,132303.09820133453
2553,75069.23293657377,75799.61821435046,75287.03512864377
2554,99395.8821342139,100084.7658383412,99557.62303128873
2555,134901.15717254355,134270.38024683946,134818.93356666123
2556,98435.82416322043,98987.91353804102,98549.17510536665
2557,111825.73150477905,111281.34588425231,111689.31980263311
2558,135117.08257778385,134903.3884754667,135193.6870100603
2559,105220.92158065943,105413.97514032581,105248.99591055763
2560,144917.4210837711,144647.22748697703,144887.29557599733
2561,149719.74469518318,149079.50792736388,149734.87670111694
2562,123313.53956888961,122986.79667232592,123333.59427122895
2563,140567.28432826922,140990.80893142615,140778.02624831625
2564,198406.22416057083,196739.0723155351,197978.58521705706
2565,142068.58770042303,141466.0384651483,141875.3832978024
2566,121120.40427490723,121065.50714903628,121030.6028908823
2567,107715.65211400687,107295.70718240914,107491.14069703399
2568,193445.7085136235,194830.14604906377,193572.37035997375
2569,204027.30518279725,203368.6797372453,203556.1112179621
2570,137316.26154844183,137620.3092432353,137450.18246510508
2571,161801.1993852285,162502.78338696068,161763.01736516412
2572,173003.14504993608,172866.50984200274,173110.51731367497
2573,200704.88900950973,200816.20918423682,200642.70862844712
2574,251082.64646911455,251675.58247373722,251247.1529138844
2575,132316.83031317574,132782.14280211294,132441.78666561694
2576,120735.62296499488,121031.80376766334,120805.42335646912
2577,124294.1745789237,124947.62593435361,124477.21010100315
2578,100425.75889009213,100038.23810719018,100408.01551539905
2579,67764.44179794172,67875.24952541509,67784.5959686018
2580,97312.91502415178,98238.21516962268,97563.51698624656
2581,121841.1768717301,122019.31018009016,121808.29837335415
2582,130784.62661850693,131476.08198371524,131004.1754474664
2583,250375.67362040357,249499.2676641726,249953.64157812053
2584,177819.4110387014,176911.58893056188,177572.74815804194
2585,186803.44885707632,186714.15475740025,186812.32794934718
2586,225155.48834908367,226346.6175575672,225522.00390164967
2587,216929.50358738203,216642.71323090253,216901.36586513647
2588,141854.34770316773,140758.4237908434,141191.8090807224
2589,157391.43829988583,157095.17799410797,157350.75002385554
2590,213900.11359308066,212921.7442247508,213667.67591946808
2591,223141.24517545832,221963.66090585024,222701.28364310766
2592,207194.54474217386,207299.13405329725,207310.7456403253
2593,220010.35218552643,219654.8961259254,220257.05056478322
2594,199349.30259705338,198603.61656659227,198988.41365382646
2595,201491.9464689037,201944.29493460245,201763.5516836416
2596,285123.09572409303,284348.23673740233,285283.4667788173
2597,182939.1060020817,183026.82450077814,182916.61619322762
2598,278652.2577835092,276927.5307844082,278131.1765980876
2599,340952.67014279397,341403.2414237071,341037.4649969309
2600,116797.42654580041,115977.17836923889,116593.3565396733
2601,149760.2367623063,149075.9001069407,149716.6341822442
2602,92361.64122545348,92787.80916268266,92367.07970594123
2603,95531.77151316364,95641.31152768683,95520.04135615296
2604,86649.42595117552,87013.50989692178,86652.0222110212
2605,90869.7852105048,91279.96978247564,90847.87416393093
2606,138292.14988884286,138660.42311101998,138356.42954310053
2607,227845.87303810212,226108.34403793735,227168.56181674873
2608,217937.7846587943,218728.33997231495,217788.53122909178
2609,181334.474103743,181156.56644654035,181275.09315957665
2610,104345.64857015859,104516.77331179204,104274.40197559191
2611,110000.77420144556,111151.86882430167,110137.34805610216
2612,164029.86716289842,163939.64919021627,163916.3042827523
2613,138578.03008191372,138852.4763597817,138705.73709159496
2614,129114.58206266834,129585.21334281172,129101.04445634481
2615,155619.8973504591,154596.5816473478,155408.1727109673
2616,162769.61084593134,162652.45350439247,162760.44202364454
2617,169532.05050134315,170203.20483607575,169531.23610483643
2618,181280.33060808765,180469.93931596627,181026.24837318694
2619,199592.77979715512,198744.9969530298,199413.39397654272
2620,200551.1546221652,199772.75896341124,200366.23472390216
2621,182129.7962120171,181986.25082151394,182107.37010652368
2622,188800.33795510035,188845.418169813,188822.46727360837
2623,242284.52785821544,242938.63497013948,242468.4554646622
2624,308470.4709560795,306486.1775540667,307853.25545842404
2625,254006.51654947567,254166.16591815322,253680.0679177947
2626,191567.9345752935,190915.0707925883,191260.8337217935
2627,174077.1362054775,173714.30362284544,173995.11153049875
2628,399985.72072763863,397586.43338207196,399717.4889553771
2629,443178.07433155726,442996.016459858,443463.5524743549
2630,337954.8987095599,337866.4200646913,338194.9032576684
2631,432419.2036212407,431029.82735964644,432250.22796679824
2632,351269.33816144953,349449.71961105283,351006.23466622777
2633,266948.901988881,266414.4412936267,266838.735471929
2634,389305.35845659004,387355.90723201307,388713.47732726997
2635,163203.55043861558,163090.0808832364,163177.6411333362
2636,202830.9112304432,202522.8453676231,202677.4315219999
2637,175793.97122134452,175956.63370672762,175821.9726209903
2638,248297.06047078385,248518.42110671374,248501.22224822856
2639,191389.96531547263,191176.0684731109,191301.80485218967
2640,157652.28479068325,157685.38400558155,157640.63273690818
2641,104957.45650221272,104906.48395694887,104814.55400182852
2642,179101.9279755258,179143.81432643833,179028.88209402052
2643,123260.83084710059,122936.08812221511,123122.73471244957
2644,137143.51169811652,137184.8345557316,137091.56028201597
2645,120788.69956387847,120904.80348117847,120737.15912615524
2646,107405.07040718132,107599.4466675262,107394.63383795097
2647,117144.20012560327,117532.46307239177,117133.51664349188
2648,153335.14430395432,152668.39817200848,152959.54324948683
2649,160405.20788616344,160494.91653168388,160463.83356433007
2650,155079.47835728675,154463.87902845567,154889.69100035308
2651,150886.62020866884,150281.20602976007,150610.2977506377
2652,388944.6528570236,388530.5100368965,388793.2517919368
2653,247902.00196223197,247813.97680781185,247926.5851465662
2654,229225.32929764892,229221.87426878946,229092.98445998397
2655,345908.6647265928,347540.01898106124,346149.3035750422
2656,300155.05061710946,298907.46735513397,299995.52189323114
2657,304217.3355909914,303862.95266988646,304152.39545854897
2658,257496.07669662996,258369.03354542784,257739.9459458964
2659,296295.3806270766,295885.9648263298,296382.95463856164
2660,324370.7111178249,322895.2488301771,323960.90898245334
2661,308091.8744945985,308046.54585299373,308198.601157958
2662,308325.1067233432,307597.4204124096,308346.1426149548
2663,289358.60388915346,287484.2288615487,288840.2576445886
2664,250387.15235537197,249415.15690000574,250163.91449476077
2665,309259.2721113056,309339.9122035626,309553.17959687853
2666,256505.1128305581,255625.9005967603,256301.54996389386
2667,184140.26132417255,183791.60765518644,184045.48597251452
2668,196029.06990932772,195952.5933794826,195999.8677545767
2669,173458.39436193748,173360.11038486735,173445.55489984286
2670,280761.0977255508,280063.14764470945,280836.6540811088
2671,196948.03598212343,196879.187998581,196917.4897901901
2672,204333.10895713445,203154.51109526004,204061.62741461687
2673,203788.49110293825,203048.96455989595,203685.0237055459
2674,215712.8531274984,214814.1149194923,215543.5005574141
2675,169701.6997715806,169529.01173012913,169644.98123317864
2676,207227.53796544482,207155.60802882945,207231.47261650237
2677,202287.81061511236,202771.01428736182,202423.97476657596
2678,266194.6461202175,265186.09409010416,265975.4952825761
2679,279240.66067446454,278701.21750182,279125.88658830244
2680,282903.7586287755,281398.09120872297,282743.5231980083
2681,369437.9626636032,369500.6699318079,369825.4816774706
2682,311101.4366591058,312297.8057306683,311615.14836319716
2683,498091.2904378123,499644.47994843475,498177.5879592356
2684,305489.93289780454,304229.7660455631,305284.28990340885
2685,330249.9879075508,329881.4955026835,330494.87018101796
2686,242547.2605673994,243763.72737850985,242666.41830747077
2687,302771.13760792423,303204.2139230164,302700.39304972487
2688,221440.9433028791,221610.78015266036,221510.89028252353
2689,202747.22093445767,203316.2877764337,202957.4364911381
2690,399708.86204324884,397723.8591024668,399042.8007034018
2691,180827.87691266727,181590.3949188709,180937.07742906435
2692,128160.59410514923,128825.28865456452,128277.03815539365
2693,194225.48900722776,194803.49333512716,194299.1131094296
2694,132797.67523871275,133448.14768514558,132876.6896592743
2695,200686.0280533159,200864.55993629675,200740.3714406671
2696,192079.55895164004,192149.37743074138,192119.165427597
2697,182795.83725163277,183801.73636721922,182911.89323202777
2698,203895.42597088785,202924.6625231775,203568.86725536213
2699,166092.03767352164,165639.68788259858,165904.32743708315
2700,146619.0446401687,146580.88521197013,146549.78909019454
2701,161301.46728051067,161411.03476182072,161283.49165720132
2702,121608.00363574673,120948.60363165721,121403.09978791309
2703,160859.9847618629,162352.4892673622,161370.829146262
2704,144755.60637693206,145532.74298745862,144966.75729482682
2705,112816.16733625636,113573.7774986953,112982.99473268987
2706,115433.43530376196,116099.40750360242,115589.02215309218
2707,131009.7275069008,130070.32367677579,130854.72267861106
2708,119934.04833890477,120441.58841506277,119964.51749350513
2709,100838.14520455133,101297.11516613049,100941.60350790297
2710,123977.60962593569,124599.69950218157,124116.60976875838
2711,206578.77214307623,203440.10945044883,205614.78629135003
2712,369263.3298434348,369491.40444613236,369530.2556736091
2713,169864.26819511034,170411.12979055755,169941.5919033827
2714,155740.72277493772,155583.32671825433,155649.94051491714
2715,144522.40224265336,144453.68678030593,144493.4634999738
2716,151334.4859962689,151077.28442009146,151181.88229270693
2717,177763.34967842678,178664.59826516674,177846.4997737877
2718,221929.08848700608,222302.78061167747,222061.5416403008
2719,135412.65711404508,134387.60632050908,134974.96486647613
2720,205465.9669352446,204014.6599583665,205083.03727560845
2721,137428.64939421834,137119.3452000997,137368.95890074363
2722,166703.62262231563,166790.87760385688,166654.56051485465
2723,172862.42654430214,172792.8093573394,172980.6770546502
2724,122970.18219454976,122958.85613288147,122881.47322999361
2725,125713.03799323643,125794.53954659338,125724.06127906476
2726,131728.25495842216,132328.27460917068,131707.5796551253
2727,180663.68474354214,180002.55957545107,180203.3070163299
2728,180573.78582344766,179446.48699701912,180302.83518422188
2729,150325.8812466994,150582.77760458793,150339.52561508393
2730,137204.2624873555,137005.66216494257,137175.56169106025
2731,138792.21799188538,138140.60696332666,138724.37572877016
2732,117146.24558470186,117084.56501512133,117168.6012845219
2733,175568.55449093957,175429.74133246572,175587.02028961902
2734,150177.3585221451,149624.32038475826,150125.39880723858
2735,122908.84614682732,122835.8446006282,122883.2426828069
2736,138036.92227807862,138405.67776176913,138108.4224123796
2737,115994.61039264633,116632.57652902606,116182.64450252338
2738,130278.97804673723,130899.76963704509,130465.67365330025
2739,161396.39608033246,160455.01697363344,161165.56464331754
2740,139909.0725811566,139602.45777448826,139972.6276804662
2741,126335.37230738418,126804.86502878583,126354.74548179588
2742,157492.38092016167,156955.29851078955,157327.49478770606
2743,134512.19142096327,134261.2674215089,134377.35070780016
2744,165326.48394919047,166037.86449892065,165433.3466741297
2745,156575.95600856876,156749.08489236474,156656.85415727747
2746,125454.5935870932,125773.440962361,125557.30364529135
2747,150371.21534343922,149708.3603804621,150329.09309581574
2748,121930.38087567237,122025.33379792709,121886.58790900302
2749,130041.81384314725,130834.1756759395,130186.28019231292
2750,127940.09431760367,127456.45954878573,127703.37820179203
2751,131369.92844468745,131617.34315685602,131416.01824542964
2752,242310.30921166667,239400.56805238078,241513.73297277413
2753,163325.6754571831,164274.981487753,163416.95394422117
2754,224237.94345261343,221912.7610641248,223033.60869434077
2755,135250.0994283542,135119.83984768626,135143.25519683296
2756,96279.02336053432,96723.18632192159,96313.03753930186
2757,79762.18025475118,79850.21498512203,79707.16491582555
2758,94827.32526943267,95159.76014269439,94920.10441009932
2759,153051.93250648933,152278.5427710717,152929.42168795443
2760,111800.66206331238,111773.82392689922,111665.03381797914
2761,131332.66437333904,131355.1207973705,131149.93301249648
2762,131635.82002060188,132300.47972215674,131724.28134109225
2763,225567.13637684446,224483.54319036208,225319.0649515661
2764,175259.73701292885,174744.42675603606,175193.13735721412
2765,313242.30400785647,310463.22885690286,312545.3811622351
2766,116761.60545370386,117896.48655343687,116848.41656642147
2767,84703.33750462178,84987.68817726037,84842.35556957427
2768,105520.80793620955,106375.30417205663,105737.19004414658
2769,118377.58546144384,119306.61275707369,118565.42117539991
2770,159942.2293762463,159193.13195710196,159836.71292034336
2771,113290.12752368797,113433.48005908594,113205.4061911221
2772,94180.2731725241,94024.27013647057,94000.64941744615
2773,152032.46010157932,152221.87172486057,151941.25818942598
2774,130265.9957995509,129876.80964763784,130241.31687663977
2775,115581.10857798663,115688.10186465681,115600.32794742835
2776,141539.63696394354,140637.11176215037,141306.26370844102
2777,151638.45837288833,150449.1530957109,151388.47810597572
2778,134032.84243612623,133823.5169120115,134120.85129620304
2779,98588.76358616611,98860.01631073898,98680.40719731196
2780,104655.98869594725,104550.20887781831,104674.70000517782
2781,102569.28271734019,102423.3682129495,102564.05595015641
2782,95086.38589885089,95655.03801866762,95137.49585567406
2783,88036.51363360522,88174.03835817186,88062.12970560281
2784,115561.83012752503,114627.07962848355,115209.50820189649
2785,133039.15178052118,132483.33996325303,132878.97477119407
2786,76256.93175571582,75845.24152083643,76170.38671312542
2787,123587.84982828048,123741.56969470861,123546.78554707729
2788,73818.85373714117,73797.63331159251,73789.55220694022
2789,168932.49247377226,168455.20258303315,168778.11414613316
2790,98709.44254846314,99585.8173407871,99047.49485630063
2791,105862.81543564289,105266.33644962865,105678.94321806898
2792,64921.195358399724,64955.01506764874,64900.345983824314
2793,148640.72224798816,149018.35616714266,148846.9562393943
2794,89985.74317314236,89675.81023482449,89892.26813553048
2795,116553.6938221962,116771.7872073761,116671.70620706143
2796,95084.3479654989,95046.6846148513,95077.36607509182
2797,193497.49959536156,193259.75548754487,193290.170700785
2798,117964.68541819826,117302.63585908063,117764.82982368389
2799,113404.7251279013,113779.40012085202,113500.30011372345
2800,77027.77950502593,77029.16592143288,77032.15631152636
2801,114414.30820450778,114570.67108888211,114427.51402591133
2802,124885.39049046098,124336.76249132727,124748.64797196123
2803,145901.99190702898,146700.8748492776,146134.0638142453
2804,141557.1415530719,141192.51980012798,141512.1327609511
2805,113895.3400773258,113781.47240807016,113903.62275616285
2806,84473.46941869854,84442.25070506452,84494.55943985684
2807,165797.86168772957,165700.86845224004,165858.25384341832
2808,146513.85865484196,146551.4579654078,146381.93995707165
2809,124884.80925165299,124849.59456143646,124747.81361057065
2810,129461.06810553007,129476.14721261921,129467.00040688142
2811,163517.37167770206,163036.45951290717,163316.89787610283
2812,168673.89439232874,168383.6792277601,168500.27869565357
2813,153706.82859747973,155176.22484558544,153965.40946579832
2814,150489.8862015323,152206.1741815634,150825.2569330403
2815,99637.38084587797,99575.59870469353,99573.29953775763
2816,229510.3594049382,229766.9649916914,229741.15794793968
2817,153958.18773127365,153708.87918601403,153985.01234077007
2818,127754.80243247525,127267.76090680464,127620.2918734461
2819,178703.59519213895,178593.20891152593,178458.70242664052
2820,128747.48665240408,128938.24205454548,128705.00796724044
2821,115614.36008698496,115743.7337156989,115666.00676924248
2822,206944.5438742131,205594.42471624218,206497.82490455636
2823,298600.68991941976,300149.4688691491,298652.66553646815
2824,154680.31481033834,154701.3324943987,154365.21502668087
2825,163732.54987661046,164453.5362827415,163869.44647010852
2826,133697.23665221184,133663.17992538278,133559.5384053691
2827,133690.1640992399,134186.2955565893,133697.7949146351
2828,217540.05120141103,218709.95628001992,217779.41212920766
2829,255457.1146477086,254337.28743183313,255643.4308509102
2830,217143.99684460016,216744.35368887396,216939.10186950729
2831,186112.37973980332,187122.6136028685,186349.84336218386
2832,227791.31064271968,227999.71782537707,227853.79451132353
2833,270061.574819797,268862.54842562607,269782.96764211904
2834,207159.95010317108,207969.4106284419,207245.3383229414
2835,212902.0898992889,213331.41764178834,212986.6474029293
2836,190500.90021096205,191225.05311987037,190625.03110849537
2837,174669.15105955716,173613.80254265605,174375.13674861024
2838,147655.4244143293,147730.57179074915,147629.22862252983
2839,183063.74426453863,183120.1390162192,182999.96240800654
2840,200321.1908302471,200267.6259017769,200308.69311685587
2841,199325.5742966923,200158.40856908986,199528.20948026926
2842,233856.96332920223,233827.37255110583,233762.03042824648
2843,150746.06752892886,152098.50734461038,151041.54465543482
2844,174152.76000137435,172866.61131374407,173629.87757172083
2845,122321.38474990202,122790.27240935502,122456.86180869951
2846,204777.5989958302,206181.76402263483,205078.32164219127
2847,210986.99406497576,210753.61424408946,210906.6757716067
2848,230036.91459256693,229715.94564682196,230204.6570217858
2849,202781.44066335398,203127.88638977503,202828.31504882596
2850,300118.1764430353,298883.0023607387,300127.56597419217
2851,229567.75331862512,229473.20040369814,229444.92760933936
2852,240349.62671140902,238802.10708683866,239924.83275619877
2853,237637.84601716103,237531.0074087782,237491.16194367435
2854,148780.36410738132,148791.38314502352,148888.0378914825
2855,209220.4994611935,209037.22564898327,209174.76199956276
2856,199401.97282726094,200073.04287502362,199534.91966850142
2857,193333.5962479972,194000.41263826686,193463.25511423242
2858,212006.241312955,211873.08791773164,212000.36581308465
2859,124257.77172153677,123538.76863461385,124026.42868098847
2860,119312.6956680478,117405.99506555397,118308.41797574854
2861,130481.09114357315,131013.99126761091,130568.33706591293
2862,209350.51213187355,209912.08991477804,209420.95696065298
2863,128014.05199760495,128524.06848866747,128216.65716461129
2864,226990.92780591885,227324.84563480428,227148.2610561039
2865,148376.00833242008,148353.0173992189,148325.35847519623
2866,174039.97861523135,173897.3337515561,174076.79843999818
2867,99157.72568172151,99386.08536459893,99221.57629319112
2868,113517.23812243476,112825.63637998061,113314.6980118966
2869,108969.80257497908,109053.4938564736,108871.18803124115
2870,133712.13258009704,133477.60330030503,133392.3800133866
2871,94247.32096204422,94390.97493546463,94234.7012480568
2872,59421.58268475174,59473.865178896645,59418.0448447593
2873,101724.14610143736,101987.19070258143,101739.69430418003
2874,122905.90804824735,122283.78627443238,122734.82469790225
2875,120728.8076001434,120812.06005577846,120631.67699786834
2876,186108.84134511955,186212.34906707687,186226.62453645043
2877,126358.5441870425,126569.57956810703,126522.28974384743
2878,158049.04208610632,157827.79640320488,157957.83767356767
2879,120529.44581929916,120313.68688908944,120445.82049834415
2880,100883.92018472329,101211.02306877328,100954.23792509313
2881,135432.43622335655,135468.72593786364,135322.39800892433
2882,136616.05240227154,137445.45385633197,136744.75072109178
2883,162872.2526714857,161741.24856220357,162674.06739091064
2884,211678.73392376758,210218.55683806687,211453.45322291684
2885,162665.5921978707,161882.38936672977,162530.24156313462
2886,210873.13203860322,210621.21279305388,210753.34725524302
2887,114131.19213967159,113479.74353297165,114016.00853319203
2888,135899.52219687874,135237.12446788402,135687.78183807444
2889,70704.91284336818,70811.97622016289,70710.46066830157
2890,85742.11498000789,85762.54121562417,85731.79612951231
2891,127699.59300028445,127865.92778712341,127687.70101878817
2892,71436.17831907835,71524.25776550168,71434.78847947274
2893,93287.08159493921,93842.63277002082,93405.8920507021
2894,63457.88499471567,65716.74235625441,65302.56496295671
2895,269410.3874514186,268128.464174144,269164.3830265851
2896,254532.3565183323,253837.87777557396,254114.89932845367
2897,198075.4305654061,197715.27573709426,197683.27436903963
2898,164688.99182268677,166285.59067427533,165085.28683163263
2899,213828.72412128054,213889.43805675328,213895.46464218627
2900,155415.51414158198,154032.92663169507,154982.62873066124
2901,198661.35027413172,197887.63342348492,198370.27234269257
2902,181063.3511756676,180874.51289422548,181102.9316217804
2903,325421.66299990006,324192.15534567053,325286.49090455385
2904,328100.7871175467,326839.38216652354,328017.43321427563
2905,80057.31383808855,80205.30958371026,79944.53601831493
2906,240180.37112410876,238697.85054302207,240380.29143181522
2907,119809.46295640263,120287.8983077677,119823.23551981554
2908,136826.91531252305,137023.71173422108,136868.12743044063
2909,156394.58343902093,157976.90280728225,156759.21661639205
2910,82074.89620814378,81940.19915229778,82003.5622631294
2911,92742.12195498575,93166.49027509453,92743.51340724422
2912,147784.36935453743,147797.09282976974,147726.62671650984
2913,95410.47383256159,95796.22893427506,95390.27269237455
2914,83810.20091896495,84054.3620676168,83772.3040668017
2915,91437.584704377,91632.63421931717,91393.79509130697
2916,94840.75858355158,95123.93187322904,94790.97621573808
2917,169486.79158054834,169231.08561956248,169266.44710803078
2918,106937.48281522647,107096.25721451371,106794.3648786184
2919,245947.1123244312,245937.88493139928,246058.3946767832
